,KYOTO,DC,LIESTAL
TC,10,6,4.2
CR,-46.1,-29.1,-9.8
RMSE,21.78189,19.36,32.02844
R2,0.001737,0.00737,0.06605
